{"task": "numerical_full_apact", "method": "PG", "n_delays": 16, "n_params": 188551, "reg": "TV", "lam": 0.0001, "n_epochs": 30, "lr": 0.1, "loss": [3704.6476220754143, 1589.3355121836926, 972.4400976147597, 708.694051784367, 582.258672744779, 530.7650299285702, 504.95882030905966, 503.20667741801697, 492.988767048559, 487.2294692856206, 486.9608040178208, 486.91229940549437, 485.7673831686085, 481.49402278179343, 484.6658948557639, 484.24472021580306, 485.44659360839313, 482.18415818523846, 484.61589821935775, 483.04281670814146, 479.0294802390484, 479.81729045612576, 478.7257632613587, 480.38363996034593, 483.03699930378144, 479.1622998878016, 477.5849703998209, 478.6707166881162, 475.34249704994227, 479.12653435614914, 480.73114382034765], "time": 112.5517168045044}