{"task": "numerical_full_apact", "method": "NF_APACT", "n_delays": 16, "hidden_layers": 0, "hidden_features": 256, "pos_encoding": false, "N_freq": 0, "n_params": 1027, "reg": "TV", "lam": 0.0, "n_epochs": 10, "lr": 0.005, "loss": [425.8170536421121, 416.26191087954066, 415.6196131152985, 407.3827776158115, 403.18275426584876, 400.317022583269, 395.82236787860705, 391.65864402956805, 389.46070532244835, 389.161080502319, 390.5881662155365], "time": 39.78606677055359}